[
{
  "model": "auth.user",
  "fields": {
    "password": "pbkdf2_sha256$1200000$5o7weqPEXfzZG0RE1KIA2z$HA5nI+hwQ9JWn5mhzrGtiennIKWbmqIYVwabY5NfcDA=",
    "last_login": "2026-05-16T11:29:15.880Z",
    "is_superuser": true,
    "username": "admin",
    "first_name": "",
    "last_name": "",
    "email": "cmihanjo@gmail.com",
    "is_staff": true,
    "is_active": true,
    "date_joined": "2026-05-12T16:34:35Z",
    "groups": [],
    "user_permissions": []
  }
},
{
  "model": "auth.user",
  "fields": {
    "password": "pbkdf2_sha256$1200000$oqYIZXjYK81Nz3q2kXYjuc$dCjXiT9ypX8w1PP/eKUW7KafICkachmnFN4XvFIzfzw=",
    "last_login": "2026-05-18T12:16:20.036Z",
    "is_superuser": true,
    "username": "carl",
    "first_name": "",
    "last_name": "",
    "email": "cmihanjo+dup1@gmail.com",
    "is_staff": true,
    "is_active": true,
    "date_joined": "2026-05-15T08:55:01Z",
    "groups": [],
    "user_permissions": []
  }
},
{
  "model": "auth.user",
  "fields": {
    "password": "pbkdf2_sha256$1200000$Kn6pkTEniPmZ4m545uE4bi$nYWD23YJLJ041/kWaQdhJFLwsElJC4kqsUXFfhL69Pc=",
    "last_login": "2026-05-16T04:39:18.577Z",
    "is_superuser": false,
    "username": "ian",
    "first_name": "",
    "last_name": "",
    "email": "ian@gmail.com",
    "is_staff": false,
    "is_active": true,
    "date_joined": "2026-05-16T04:39:18.427Z",
    "groups": [],
    "user_permissions": []
  }
},
{
  "model": "auth.user",
  "fields": {
    "password": "pbkdf2_sha256$1200000$WkUFz9UwomEOUbZXKeVAUq$l3n5Uh9+fCfx1AhhNtO/n+eJGzf70Hxf3TdveHOrZ1g=",
    "last_login": "2026-05-16T10:59:29.373Z",
    "is_superuser": false,
    "username": "carlos",
    "first_name": "",
    "last_name": "",
    "email": "cmihanjo+dup2@gmail.com",
    "is_staff": false,
    "is_active": true,
    "date_joined": "2026-05-16T10:59:29.219Z",
    "groups": [],
    "user_permissions": []
  }
},
{
  "model": "auth.user",
  "fields": {
    "password": "pbkdf2_sha256$1200000$RWOSVJqro56rZjXQnFNn3N$RiV67j1K/K4W/95Ouaba5KdK3tTLK61bgCUpjqzVZME=",
    "last_login": "2026-05-16T11:19:32.707Z",
    "is_superuser": false,
    "username": "carloz",
    "first_name": "",
    "last_name": "",
    "email": "cmihanjo1@gmail.com",
    "is_staff": false,
    "is_active": true,
    "date_joined": "2026-05-16T11:19:32.441Z",
    "groups": [],
    "user_permissions": []
  }
},
{
  "model": "accounts.userprofile",
  "pk": 1,
  "fields": {
    "user": [
      "admin"
    ],
    "signature": "signatures/sample_signature.png",
    "stamp": "stamps/sample_stamp.png",
    "phone_number": null,
    "created_at": "2026-05-12T16:38:35.818Z",
    "updated_at": "2026-05-12T16:40:57.714Z"
  }
},
{
  "model": "accounts.userprofile",
  "pk": 2,
  "fields": {
    "user": [
      "carl"
    ],
    "signature": "signatures/Signature-PNG-Photos.png",
    "stamp": "stamps/stamp.png",
    "phone_number": "255715173877",
    "created_at": "2026-05-15T08:55:01.307Z",
    "updated_at": "2026-05-15T10:44:02.732Z"
  }
},
{
  "model": "accounts.userprofile",
  "pk": 3,
  "fields": {
    "user": [
      "ian"
    ],
    "signature": "signatures/Signature-PNG-Photos_llN6kZW.png",
    "stamp": "stamps/stamp_xmnfWgZ.png",
    "phone_number": null,
    "created_at": "2026-05-16T04:39:18.576Z",
    "updated_at": "2026-05-16T04:40:00.365Z"
  }
},
{
  "model": "accounts.userprofile",
  "pk": 4,
  "fields": {
    "user": [
      "carlos"
    ],
    "signature": "",
    "stamp": "",
    "phone_number": null,
    "created_at": "2026-05-16T10:59:29.372Z",
    "updated_at": "2026-05-16T10:59:29.372Z"
  }
},
{
  "model": "accounts.userprofile",
  "pk": 5,
  "fields": {
    "user": [
      "carloz"
    ],
    "signature": "signatures/Signature-PNG-Photos_qGD1Quc.png",
    "stamp": "stamps/stamp_MIyytPG.png",
    "phone_number": "255715173878",
    "created_at": "2026-05-16T11:19:32.703Z",
    "updated_at": "2026-05-16T11:28:04.670Z"
  }
},
{
  "model": "documents.document",
  "pk": 4,
  "fields": {
    "user": [
      "admin"
    ],
    "title": "g",
    "pdf_file": "documents/income_statement_2026-05-06.pdf",
    "preview_image": "",
    "total_pages": 1,
    "is_signed": true,
    "signed_pdf": "signed/signed_4_20260512_200925.pdf",
    "public_access_token": "OTGlmA46h-g22NxI-qzegqi5OQ0w4aw1l3FzSYXGFvo",
    "retention_days": 5,
    "created_at": "2026-05-12T17:00:45.343Z",
    "updated_at": "2026-05-12T17:09:25.570Z"
  }
},
{
  "model": "documents.document",
  "pk": 5,
  "fields": {
    "user": [
      "admin"
    ],
    "title": "idc",
    "pdf_file": "documents/award_cover_letter-_health_1_260424_132123.pdf",
    "preview_image": "",
    "total_pages": 5,
    "is_signed": true,
    "signed_pdf": "signed/signed_5_20260515_201152.pdf",
    "public_access_token": "V1PnPB2-d00ZGmNF_To-dF9hte5-osQ14xoWNPCALIE",
    "retention_days": 5,
    "created_at": "2026-05-12T18:58:33.579Z",
    "updated_at": "2026-05-15T17:11:52.588Z"
  }
},
{
  "model": "documents.document",
  "pk": 10,
  "fields": {
    "user": [
      "admin"
    ],
    "title": "test_coords",
    "pdf_file": "documents/test_coords.pdf",
    "preview_image": "",
    "total_pages": 1,
    "is_signed": true,
    "signed_pdf": "signed/signed_10_20260515_135929.pdf",
    "public_access_token": "eD1pBUaRH7UdvXdS6FbOEVPqP8AorIaT0yiQgN4wZ30",
    "retention_days": 5,
    "created_at": "2026-05-15T10:59:29.650Z",
    "updated_at": "2026-05-15T10:59:29.702Z"
  }
},
{
  "model": "documents.document",
  "pk": 17,
  "fields": {
    "user": [
      "carl"
    ],
    "title": "ref",
    "pdf_file": "documents/signed_Test_2.pdf",
    "preview_image": "",
    "total_pages": 1,
    "is_signed": true,
    "signed_pdf": "signed/signed_17_20260515_195901.pdf",
    "public_access_token": "54aR3Jz2jdUj3ywqTizHsIIp68gXW1dyuBh9J6Czb_c",
    "retention_days": 5,
    "created_at": "2026-05-15T16:58:45.779Z",
    "updated_at": "2026-05-15T16:59:01.010Z"
  }
},
{
  "model": "documents.document",
  "pk": 18,
  "fields": {
    "user": [
      "carl"
    ],
    "title": "45",
    "pdf_file": "documents/signed_Test_2_MpghLk3.pdf",
    "preview_image": "",
    "total_pages": 1,
    "is_signed": true,
    "signed_pdf": "signed/signed_18_20260515_201031.pdf",
    "public_access_token": "VbQf2JOllhkxconer9YqszxJjjUAXkMxpQZQhFrRVm0",
    "retention_days": 5,
    "created_at": "2026-05-15T17:06:07.155Z",
    "updated_at": "2026-05-15T17:10:31.461Z"
  }
},
{
  "model": "documents.document",
  "pk": 19,
  "fields": {
    "user": [
      "carl"
    ],
    "title": "bb",
    "pdf_file": "documents/signed_Test_2_liXnG4f.pdf",
    "preview_image": "",
    "total_pages": 1,
    "is_signed": true,
    "signed_pdf": "signed/signed_19_20260515_201353.pdf",
    "public_access_token": "9x4byp7yE4ndycsShaKtPHR8aE5qmNQ-rQ5GVxEGwfs",
    "retention_days": 5,
    "created_at": "2026-05-15T17:13:30.050Z",
    "updated_at": "2026-05-15T17:13:53.486Z"
  }
},
{
  "model": "documents.document",
  "pk": 24,
  "fields": {
    "user": [
      "carl"
    ],
    "title": "qwqw",
    "pdf_file": "documents/signed_Test_2_5C3jklh.pdf",
    "preview_image": "",
    "total_pages": 1,
    "is_signed": true,
    "signed_pdf": "signed/signed_24_20260515_203550.pdf",
    "public_access_token": "VMogRQZNqIGMEea8tmxttQTGtslWfLQ7XHcxYKHsleg",
    "retention_days": 5,
    "created_at": "2026-05-15T17:35:31.064Z",
    "updated_at": "2026-05-15T17:35:50.331Z"
  }
},
{
  "model": "documents.document",
  "pk": 25,
  "fields": {
    "user": [
      "admin"
    ],
    "title": "nn",
    "pdf_file": "documents/CARL.pdf",
    "preview_image": "",
    "total_pages": 2,
    "is_signed": false,
    "signed_pdf": "",
    "public_access_token": "vyi2RUO7bZ3r2wVhM9dhoxH5TbCN452d1UPST0HrJNQ",
    "retention_days": 5,
    "created_at": "2026-05-15T18:49:45.537Z",
    "updated_at": "2026-05-15T18:49:45.740Z"
  }
},
{
  "model": "documents.document",
  "pk": 26,
  "fields": {
    "user": [
      "carl"
    ],
    "title": "mmm",
    "pdf_file": "documents/czc.pdf",
    "preview_image": "",
    "total_pages": 1,
    "is_signed": true,
    "signed_pdf": "signed/signed_26_20260515_215058.pdf",
    "public_access_token": "EmViuKMXLGcvpARXxh920ncycAsbP-wp27TXsK-Nmjg",
    "retention_days": 5,
    "created_at": "2026-05-15T18:50:33.905Z",
    "updated_at": "2026-05-15T18:50:58.305Z"
  }
},
{
  "model": "documents.document",
  "pk": 27,
  "fields": {
    "user": [
      "carl"
    ],
    "title": "n",
    "pdf_file": "documents/signed_Test_2_08BXgGt.pdf",
    "preview_image": "",
    "total_pages": 1,
    "is_signed": true,
    "signed_pdf": "signed/signed_27_20260515_225145.pdf",
    "public_access_token": "hbwgOpVQDi_1ibSqCo9Mx2QxpeHO1LDogEV3OCn15kg",
    "retention_days": 5,
    "created_at": "2026-05-15T19:03:34.186Z",
    "updated_at": "2026-05-15T19:51:45.510Z"
  }
},
{
  "model": "documents.document",
  "pk": 28,
  "fields": {
    "user": [
      "carl"
    ],
    "title": "try",
    "pdf_file": "documents/registration_reminder.pdf",
    "preview_image": "",
    "total_pages": 2,
    "is_signed": true,
    "signed_pdf": "signed/signed_28_20260516_072141.pdf",
    "public_access_token": "i9_4JgkjpGVCc1b5_GGOS-f0h3X5npTRzvyW5nxOZwg",
    "retention_days": 5,
    "created_at": "2026-05-16T04:20:45.518Z",
    "updated_at": "2026-05-16T04:21:41.436Z"
  }
},
{
  "model": "documents.document",
  "pk": 29,
  "fields": {
    "user": [
      "ian"
    ],
    "title": "test",
    "pdf_file": "documents/signed_Test_2_PPHQEdw.pdf",
    "preview_image": "",
    "total_pages": 1,
    "is_signed": true,
    "signed_pdf": "signed/signed_29_20260516_074055.pdf",
    "public_access_token": "vAtPy5rmXFmuZmbTjnGXuf4wtRJ3BCqeaJYyWnfk9iw",
    "retention_days": 5,
    "created_at": "2026-05-16T04:40:15.609Z",
    "updated_at": "2026-05-16T04:40:55.478Z"
  }
},
{
  "model": "documents.document",
  "pk": 30,
  "fields": {
    "user": [
      "carl"
    ],
    "title": "ddd",
    "pdf_file": "documents/signed_test-2.pdf",
    "preview_image": "",
    "total_pages": 1,
    "is_signed": true,
    "signed_pdf": "signed/signed_30_20260516_151110.pdf",
    "public_access_token": "nYE5cPz2mAT1-WJqdVbmeoiZNKn3ADbaTY-Umadily0",
    "retention_days": 5,
    "created_at": "2026-05-16T10:47:16.939Z",
    "updated_at": "2026-05-16T12:11:10.418Z"
  }
},
{
  "model": "documents.document",
  "pk": 31,
  "fields": {
    "user": [
      "carl"
    ],
    "title": "ask",
    "pdf_file": "documents/signed_ee.pdf",
    "preview_image": "",
    "total_pages": 10,
    "is_signed": true,
    "signed_pdf": "signed/signed_31_20260518_150001.pdf",
    "public_access_token": "aNPzKQCTUgrmXjrIIAIOIbQcQpg9E6_tDFmGbt1NSn8",
    "retention_days": 5,
    "created_at": "2026-05-18T11:59:41.012Z",
    "updated_at": "2026-05-18T12:00:01.710Z"
  }
},
{
  "model": "documents.placement",
  "pk": 6,
  "fields": {
    "document": 4,
    "placement_type": "signature",
    "page_number": 1,
    "x": 999.4630872483222,
    "y": 1499.2120375728978
  }
},
{
  "model": "documents.placement",
  "pk": 7,
  "fields": {
    "document": 4,
    "placement_type": "stamp",
    "page_number": 1,
    "x": 1137.7221476510067,
    "y": 1565.8436836872488
  }
},
{
  "model": "documents.placement",
  "pk": 38,
  "fields": {
    "document": 10,
    "placement_type": "signature",
    "page_number": 1,
    "x": 600.0,
    "y": 1600.0
  }
},
{
  "model": "documents.placement",
  "pk": 39,
  "fields": {
    "document": 10,
    "placement_type": "stamp",
    "page_number": 1,
    "x": 800.0,
    "y": 1650.0
  }
},
{
  "model": "documents.placement",
  "pk": 60,
  "fields": {
    "document": 17,
    "placement_type": "signature",
    "page_number": 1,
    "x": 639.7355674168583,
    "y": 781.0183573358903
  }
},
{
  "model": "documents.placement",
  "pk": 61,
  "fields": {
    "document": 17,
    "placement_type": "stamp",
    "page_number": 1,
    "x": 638.7288559249862,
    "y": 835.3819976500929
  }
},
{
  "model": "documents.placement",
  "pk": 66,
  "fields": {
    "document": 18,
    "placement_type": "signature",
    "page_number": 1,
    "x": 600.0,
    "y": 900.0
  }
},
{
  "model": "documents.placement",
  "pk": 67,
  "fields": {
    "document": 18,
    "placement_type": "stamp",
    "page_number": 1,
    "x": 150.0,
    "y": 900.0
  }
},
{
  "model": "documents.placement",
  "pk": 68,
  "fields": {
    "document": 5,
    "placement_type": "signature",
    "page_number": 1,
    "x": 600.0,
    "y": 900.0
  }
},
{
  "model": "documents.placement",
  "pk": 69,
  "fields": {
    "document": 5,
    "placement_type": "stamp",
    "page_number": 1,
    "x": 150.0,
    "y": 900.0
  }
},
{
  "model": "documents.placement",
  "pk": 70,
  "fields": {
    "document": 5,
    "placement_type": "signature",
    "page_number": 3,
    "x": 400.0,
    "y": 500.0
  }
},
{
  "model": "documents.placement",
  "pk": 71,
  "fields": {
    "document": 19,
    "placement_type": "signature",
    "page_number": 1,
    "x": 636.7154329412417,
    "y": 783.4759891490266
  }
},
{
  "model": "documents.placement",
  "pk": 72,
  "fields": {
    "document": 19,
    "placement_type": "stamp",
    "page_number": 1,
    "x": 568.2590514939318,
    "y": 832.8059590637661
  }
},
{
  "model": "documents.placement",
  "pk": 93,
  "fields": {
    "document": 24,
    "placement_type": "signature",
    "page_number": 1,
    "x": 646.7825478599638,
    "y": 786.4961913887046
  }
},
{
  "model": "documents.placement",
  "pk": 94,
  "fields": {
    "document": 24,
    "placement_type": "stamp",
    "page_number": 1,
    "x": 431.34628859931183,
    "y": 841.8665657827997
  }
},
{
  "model": "documents.placement",
  "pk": 98,
  "fields": {
    "document": 25,
    "placement_type": "signature",
    "page_number": 1,
    "x": 1616.7150147479792,
    "y": 1471.0778447124612
  }
},
{
  "model": "documents.placement",
  "pk": 99,
  "fields": {
    "document": 26,
    "placement_type": "signature",
    "page_number": 1,
    "x": 416.89071650281795,
    "y": 954.51516655111
  }
},
{
  "model": "documents.placement",
  "pk": 100,
  "fields": {
    "document": 26,
    "placement_type": "stamp",
    "page_number": 1,
    "x": 513.4276371634166,
    "y": 1115.9671646382242
  }
},
{
  "model": "documents.placement",
  "pk": 105,
  "fields": {
    "document": 27,
    "placement_type": "stamp",
    "page_number": 1,
    "x": 650.4260159129492,
    "y": 896.6592712375524
  }
},
{
  "model": "documents.placement",
  "pk": 106,
  "fields": {
    "document": 27,
    "placement_type": "signature",
    "page_number": 1,
    "x": 656.7462081246975,
    "y": 783.9460831151389
  }
},
{
  "model": "documents.placement",
  "pk": 107,
  "fields": {
    "document": 28,
    "placement_type": "signature",
    "page_number": 1,
    "x": 812.9656150490455,
    "y": 1492.0773495692779
  }
},
{
  "model": "documents.placement",
  "pk": 108,
  "fields": {
    "document": 28,
    "placement_type": "stamp",
    "page_number": 1,
    "x": 970.0021885977602,
    "y": 1527.5254293386631
  }
},
{
  "model": "documents.placement",
  "pk": 112,
  "fields": {
    "document": 28,
    "placement_type": "signature",
    "page_number": 2,
    "x": 814.8806952142737,
    "y": 807.4053794701288
  }
},
{
  "model": "documents.placement",
  "pk": 113,
  "fields": {
    "document": 28,
    "placement_type": "stamp",
    "page_number": 2,
    "x": 657.844121665559,
    "y": 945.4217852391218
  }
},
{
  "model": "documents.placement",
  "pk": 117,
  "fields": {
    "document": 29,
    "placement_type": "stamp",
    "page_number": 1,
    "x": 510.4136408795193,
    "y": 799.7690454403142
  }
},
{
  "model": "documents.placement",
  "pk": 119,
  "fields": {
    "document": 29,
    "placement_type": "signature",
    "page_number": 1,
    "x": 632.5173621314802,
    "y": 762.7127929460486
  }
},
{
  "model": "documents.placement",
  "pk": 122,
  "fields": {
    "document": 30,
    "placement_type": "signature",
    "page_number": 1,
    "x": 644.9620230273072,
    "y": 878.1878634490245
  }
},
{
  "model": "documents.placement",
  "pk": 123,
  "fields": {
    "document": 30,
    "placement_type": "stamp",
    "page_number": 1,
    "x": 600.9810717945626,
    "y": 938.3890423914154
  }
},
{
  "model": "documents.placement",
  "pk": 124,
  "fields": {
    "document": 31,
    "placement_type": "signature",
    "page_number": 1,
    "x": 774.4182660777378,
    "y": 1292.7865965989238
  }
},
{
  "model": "documents.placement",
  "pk": 126,
  "fields": {
    "document": 31,
    "placement_type": "stamp",
    "page_number": 1,
    "x": 1008.5564917580384,
    "y": 1226.578078756238
  }
},
{
  "model": "documents.otp",
  "pk": 9,
  "fields": {
    "user": [
      "admin"
    ],
    "document": 4,
    "code": "480497",
    "is_used": true,
    "created_at": "2026-05-12T17:09:09.811Z",
    "expires_at": "2026-05-15T15:41:10.866Z"
  }
},
{
  "model": "documents.otp",
  "pk": 10,
  "fields": {
    "user": [
      "admin"
    ],
    "document": 5,
    "code": "223000",
    "is_used": true,
    "created_at": "2026-05-12T18:59:32.614Z",
    "expires_at": "2026-05-15T15:41:10.866Z"
  }
},
{
  "model": "documents.otp",
  "pk": 22,
  "fields": {
    "user": [
      "carl"
    ],
    "document": 17,
    "code": "116662",
    "is_used": true,
    "created_at": "2026-05-15T16:58:53.096Z",
    "expires_at": "2026-05-15T17:08:53.096Z"
  }
},
{
  "model": "documents.otp",
  "pk": 23,
  "fields": {
    "user": [
      "carl"
    ],
    "document": 18,
    "code": "402506",
    "is_used": true,
    "created_at": "2026-05-15T17:06:21.434Z",
    "expires_at": "2026-05-15T17:16:21.434Z"
  }
},
{
  "model": "documents.otp",
  "pk": 24,
  "fields": {
    "user": [
      "carl"
    ],
    "document": 19,
    "code": "364572",
    "is_used": true,
    "created_at": "2026-05-15T17:13:44.054Z",
    "expires_at": "2026-05-15T17:23:44.053Z"
  }
},
{
  "model": "documents.otp",
  "pk": 31,
  "fields": {
    "user": [
      "carl"
    ],
    "document": 24,
    "code": "467514",
    "is_used": true,
    "created_at": "2026-05-15T17:35:43.979Z",
    "expires_at": "2026-05-15T17:45:43.979Z"
  }
},
{
  "model": "documents.otp",
  "pk": 33,
  "fields": {
    "user": [
      "carl"
    ],
    "document": 26,
    "code": "322347",
    "is_used": true,
    "created_at": "2026-05-15T18:50:45.901Z",
    "expires_at": "2026-05-15T19:00:45.901Z"
  }
},
{
  "model": "documents.otp",
  "pk": 50,
  "fields": {
    "user": [
      "carl"
    ],
    "document": 27,
    "code": "285958",
    "is_used": true,
    "created_at": "2026-05-15T19:51:33.201Z",
    "expires_at": "2026-05-15T20:01:33.201Z"
  }
},
{
  "model": "documents.otp",
  "pk": 51,
  "fields": {
    "user": [
      "carl"
    ],
    "document": 28,
    "code": "663099",
    "is_used": true,
    "created_at": "2026-05-16T04:21:27.002Z",
    "expires_at": "2026-05-16T04:31:27.002Z"
  }
},
{
  "model": "documents.otp",
  "pk": 52,
  "fields": {
    "user": [
      "ian"
    ],
    "document": 29,
    "code": "332166",
    "is_used": true,
    "created_at": "2026-05-16T04:40:42.701Z",
    "expires_at": "2026-05-16T04:50:42.701Z"
  }
},
{
  "model": "documents.otp",
  "pk": 53,
  "fields": {
    "user": [
      "carl"
    ],
    "document": 30,
    "code": "222556",
    "is_used": true,
    "created_at": "2026-05-16T12:10:59.913Z",
    "expires_at": "2026-05-16T12:20:59.913Z"
  }
},
{
  "model": "documents.otp",
  "pk": 54,
  "fields": {
    "user": [
      "carl"
    ],
    "document": 31,
    "code": "698848",
    "is_used": true,
    "created_at": "2026-05-18T11:59:52.184Z",
    "expires_at": "2026-05-18T12:09:52.184Z"
  }
},
{
  "model": "admin.logentry",
  "pk": 1,
  "fields": {
    "action_time": "2026-05-12T16:42:14.717Z",
    "user": [
      "admin"
    ],
    "content_type": [
      "auth",
      "user"
    ],
    "object_id": "1",
    "object_repr": "admin",
    "action_flag": 2,
    "change_message": "[{\"changed\": {\"fields\": [\"Email address\"]}}]"
  }
},
{
  "model": "admin.logentry",
  "pk": 2,
  "fields": {
    "action_time": "2026-05-15T17:49:18.085Z",
    "user": [
      "admin"
    ],
    "content_type": [
      "auth",
      "user"
    ],
    "object_id": "2",
    "object_repr": "carl",
    "action_flag": 2,
    "change_message": "[{\"changed\": {\"fields\": [\"Staff status\", \"Superuser status\"]}}]"
  }
}
]
